,time,magnitude
0,0.0,68853
1,12.0,167
2,20.0,262
3,28.0,3906
4,45.0,359
5,51.0,3292
6,57.0,22845
7,80.0,701
8,84.0,180
9,96.0,417
10,101.0,144
11,102.0,7876
12,111.0,418
13,121.0,448
14,129.0,354949
15,132.0,499
16,142.0,2208
17,146.0,430
18,146.0,2131
19,150.0,24301
20,157.0,606
21,157.0,167
22,158.0,560
23,163.0,532
24,167.0,277
25,173.0,12890
26,175.0,484
27,176.0,317
28,180.0,767
29,183.0,208
30,184.0,7205
31,185.0,1460
32,195.0,868
33,197.0,269
34,201.0,265
35,209.0,12534
36,216.0,240
37,227.0,46
38,228.0,480
39,228.0,149
40,230.0,511
41,234.0,141
42,242.0,43
43,250.0,1708
44,266.0,201
45,267.0,4114
46,269.0,475
47,270.0,218
48,273.0,342
49,274.0,1345
50,274.0,634
51,276.0,1885
52,278.0,1505
53,281.0,834
54,285.0,1200
55,286.0,1098
56,288.0,1330
57,292.0,232
58,294.0,119
59,296.0,425
60,301.0,75
61,310.0,191
62,311.0,256
63,313.0,123
64,313.0,27468
65,320.0,19
66,322.0,1055
67,322.0,4639
68,323.0,109
69,327.0,762
70,335.0,71
71,336.0,720
72,339.0,1265
73,351.0,12831
74,352.0,172
75,353.0,168
76,361.0,6944
77,363.0,42
78,373.0,3826
79,377.0,772
80,378.0,809
81,385.0,816
82,389.0,321
83,392.0,332
84,402.0,459
85,412.0,247
86,423.0,475
87,424.0,16
88,436.0,126
89,440.0,6825
90,444.0,431
91,456.0,3171
92,459.0,109
93,464.0,190
94,477.0,698
95,482.0,427
96,492.0,181
97,496.0,486
98,499.0,138
99,500.0,96
100,519.0,1594
101,522.0,1210
102,529.0,389
103,533.0,317
104,534.0,139
105,543.0,495
106,566.0,45
107,569.0,343
108,583.0,173388
109,593.0,913
110,595.0,999
111,596.0,126
112,608.0,76
113,610.0,203
114,621.0,296
115,626.0,1208
116,628.0,551
117,628.0,204
118,636.0,354
119,636.0,371
120,654.0,972
121,662.0,1110
122,669.0,469
123,674.0,3833
124,684.0,1829
125,687.0,93
126,695.0,619
127,699.0,500
128,700.0,9202
129,704.0,965
130,711.0,917
131,719.0,14443
132,720.0,2647
133,723.0,3886
134,729.0,93
135,736.0,1699
136,737.0,610
137,741.0,78
138,753.0,3118
139,755.0,173
140,758.0,487
141,761.0,402
142,773.0,2707
143,774.0,2139
144,775.0,395
145,784.0,82
146,794.0,654
147,799.0,156
148,805.0,107
149,811.0,69
150,818.0,232
151,820.0,1370
152,822.0,21
153,830.0,181
154,846.0,2643
155,847.0,135113
156,850.0,211
157,862.0,566
158,868.0,37
159,872.0,235
160,875.0,805
161,877.0,1458
162,877.0,113
163,877.0,2258
164,893.0,50
165,893.0,51
166,894.0,25662
167,898.0,464
168,907.0,783
169,908.0,2673
170,913.0,12194
171,920.0,63
172,923.0,1890
173,942.0,519
174,942.0,33
175,945.0,1085
176,956.0,3951
177,963.0,22
178,979.0,11779
179,994.0,951
180,1007.0,26
181,1015.0,208
182,1027.0,175
183,1037.0,17445
184,1037.0,704
185,1039.0,928
186,1041.0,1342
187,1042.0,2673
188,1042.0,6380
189,1048.0,26534
190,1051.0,68
191,1066.0,170
192,1072.0,3921
193,1072.0,13937
194,1074.0,32
195,1079.0,1934
196,1083.0,2855
197,1083.0,96
198,1086.0,1039
199,1095.0,278
200,1095.0,87
201,1106.0,7913
202,1113.0,4034
203,1121.0,5775
204,1127.0,525
205,1128.0,94
206,1130.0,355
207,1132.0,14
208,1137.0,1264
209,1146.0,801
210,1148.0,121
211,1151.0,967
212,1170.0,8
213,1173.0,1630
214,1174.0,336
215,1179.0,258
216,1188.0,1971
217,1193.0,38
218,1203.0,1186
219,1222.0,1176
220,1224.0,1448
221,1233.0,765
222,1238.0,2328
223,1248.0,33
224,1248.0,120
225,1253.0,1823
226,1266.0,1868
227,1269.0,4867
228,1271.0,443
229,1282.0,694
230,1287.0,78
231,1301.0,93
232,1302.0,10
233,1319.0,102
234,1322.0,1461
235,1328.0,184
236,1340.0,1334
237,1357.0,2745
238,1361.0,15752
239,1377.0,150
240,1380.0,387
241,1380.0,2778
242,1380.0,884
243,1391.0,66
244,1398.0,669
245,1399.0,6294
246,1400.0,660
247,1400.0,2471
248,1406.0,1227
249,1407.0,278
250,1413.0,886
251,1418.0,292
252,1428.0,652
253,1439.0,3324
254,1440.0,396
255,1450.0,117
256,1459.0,958
257,1463.0,384
258,1468.0,1138
259,1472.0,231
260,1475.0,381
261,1475.0,676
262,1477.0,1013
263,1483.0,2945
264,1486.0,148
265,1506.0,50
266,1510.0,1937
267,1529.0,86
268,1539.0,704
269,1544.0,304
270,1548.0,3560
271,1560.0,2146
272,1563.0,334
273,1597.0,2601
274,1597.0,1323
275,1603.0,199
276,1606.0,53
277,1607.0,538
278,1624.0,12
279,1626.0,475
280,1626.0,595
281,1632.0,15
282,1640.0,18
283,1648.0,378
284,1661.0,8395
285,1664.0,208
286,1665.0,489
287,1674.0,3835
288,1681.0,569
289,1682.0,907
290,1699.0,733
291,1700.0,176
292,1703.0,3263
293,1715.0,1123
294,1721.0,594
295,1727.0,26
296,1746.0,95
297,1756.0,1876
298,1766.0,263
299,1784.0,93353
300,1791.0,127
301,1795.0,164
302,1797.0,31
303,1815.0,258
304,1840.0,696
305,1863.0,45
306,1864.0,209
307,1878.0,3583
308,1887.0,734
309,1906.0,168
310,1912.0,1570
311,1917.0,386
312,1920.0,306
313,1927.0,18
314,1941.0,2814
315,1957.0,1003
316,1962.0,616
317,1979.0,1755
318,1993.0,155
319,1995.0,4085
320,1997.0,146
321,2044.0,125325
322,2052.0,149
323,2070.0,837
324,2075.0,2707
325,2079.0,13622
326,2081.0,1619
327,2083.0,62
328,2087.0,5099
329,2088.0,69
330,2091.0,5430
331,2094.0,194
332,2098.0,4022
333,2110.0,257
334,2117.0,76
335,2123.0,1688
336,2146.0,7
337,2148.0,315
338,2152.0,3537
339,2152.0,1203
340,2153.0,125478
341,2168.0,192
342,2184.0,265
343,2186.0,16821
344,2188.0,67
345,2188.0,96
346,2191.0,180
347,2193.0,65
348,2198.0,3780
349,2199.0,69
350,2200.0,99
351,2200.0,89
352,2201.0,1036
353,2205.0,424
354,2207.0,741
355,2211.0,13622
356,2218.0,88
357,2237.0,1611
358,2239.0,20
359,2244.0,2742
360,2245.0,3209
361,2249.0,758
362,2254.0,85816
363,2267.0,52
364,2284.0,200
365,2290.0,390
366,2298.0,1074
367,2299.0,1858
368,2300.0,105
369,2300.0,1216
370,2316.0,6990
371,2351.0,4321
372,2370.0,2353
373,2371.0,40
374,2386.0,289
375,2392.0,84
376,2400.0,625
377,2405.0,126
378,2411.0,465
379,2413.0,3
380,2429.0,14489
381,2434.0,144
382,2443.0,3080
383,2450.0,1800
384,2454.0,2
385,2459.0,3983
386,2484.0,2304
387,2484.0,1910
388,2491.0,438
389,2493.0,264
390,2496.0,567
391,2514.0,2021
392,2515.0,11928
393,2524.0,552
394,2529.0,146
395,2530.0,1883
396,2569.0,3140
397,2580.0,1274
398,2583.0,2755
399,2589.0,331
400,2604.0,136
401,2606.0,2493
402,2614.0,86
403,2640.0,533
404,2643.0,175
405,2645.0,582
406,2665.0,1593
407,2691.0,157
408,2694.0,249
409,2705.0,446
410,2722.0,1564
411,2736.0,149
412,2740.0,1968
413,2750.0,528
414,2770.0,747
415,2772.0,4132
416,2778.0,1410
417,2783.0,646
418,2791.0,1844
419,2808.0,3539
420,2811.0,1230
421,2814.0,1299
422,2830.0,14
423,2851.0,538
424,2858.0,747
425,2864.0,6
426,2894.0,757
427,2894.0,2321
428,2900.0,732
429,2903.0,413
430,2904.0,265
431,2909.0,773
432,2950.0,161
433,2956.0,635
434,2956.0,10101
435,2965.0,1980
436,2988.0,177
437,3010.0,291
438,3012.0,6677
439,3021.0,240
440,3029.0,815
441,3067.0,1299
442,3072.0,63
443,3079.0,147
444,3082.0,4409
445,3086.0,609
446,3099.0,184
447,3130.0,289
448,3150.0,4906
449,3154.0,280
450,3171.0,121
451,3172.0,16
452,3173.0,212
453,3201.0,1820
454,3208.0,5412
455,3213.0,306
456,3229.0,2440
457,3233.0,3919
458,3266.0,416
459,3283.0,320
460,3287.0,994
461,3287.0,10712
462,3289.0,3689
463,3301.0,3851
464,3314.0,567
465,3314.0,936
466,3339.0,2378
467,3346.0,1000
468,3347.0,55
469,3372.0,821
470,3373.0,723
471,3424.0,3643
472,3425.0,90
473,3430.0,106
474,3451.0,1009
475,3464.0,599
476,3477.0,477
477,3483.0,328
478,3489.0,463
479,3516.0,1179
480,3521.0,118
481,3524.0,1860
482,3532.0,33
483,3538.0,56
484,3555.0,939
485,3566.0,8174
486,3567.0,566
487,3574.0,74
488,3581.0,272
489,3591.0,1973
490,3594.0,34
491,3600.0,3060
492,3609.0,160
493,3619.0,249
494,3621.0,451
495,3637.0,59681
496,3675.0,294
497,3678.0,1103
498,3684.0,1709
499,3688.0,96
500,3699.0,242550
501,3702.0,9131
502,3703.0,19781
503,3718.0,1425
504,3723.0,128
505,3724.0,1898
506,3736.0,3014
507,3739.0,349
508,3740.0,727
509,3740.0,229
510,3742.0,37
511,3742.0,164
512,3743.0,1178
513,3743.0,868
514,3758.0,50
515,3759.0,1534
516,3760.0,81
517,3764.0,975
518,3765.0,3650
519,3772.0,348
520,3773.0,17
521,3777.0,3344
522,3777.0,499
523,3787.0,39
524,3792.0,33
525,3792.0,666
526,3798.0,1867
527,3799.0,191
528,3811.0,1450
529,3817.0,1574
530,3817.0,86
531,3821.0,872
532,3822.0,42
533,3828.0,2152
534,3831.0,611
535,3831.0,487
536,3836.0,395
537,3837.0,4418
538,3848.0,255
539,3849.0,55
540,3849.0,70
541,3854.0,44
542,3856.0,4512
543,3859.0,1268
544,3859.0,896
545,3863.0,226
546,3863.0,2956
547,3875.0,12
548,3875.0,124
549,3876.0,5249
550,3880.0,72
551,3881.0,1438
552,3899.0,170
553,3899.0,226
554,3901.0,587
555,3901.0,710
556,3902.0,110
557,3906.0,781
558,3912.0,3164
559,3912.0,4199
560,3925.0,110
561,3929.0,8
562,3930.0,141
563,3933.0,131
564,3937.0,224
565,3947.0,2225
566,3948.0,115
567,3957.0,339
568,3968.0,4693
569,3984.0,64
570,3996.0,4
571,4013.0,32
572,4016.0,225
573,4021.0,2575
574,4024.0,113
575,4051.0,543
576,4053.0,250
577,4070.0,4573
578,4084.0,331
579,4098.0,259
580,4104.0,2758
581,4106.0,1159
582,4108.0,2630
583,4118.0,1417
584,4120.0,3801
585,4125.0,4357
586,4128.0,62
587,4129.0,231
588,4139.0,2489
589,4141.0,868
590,4141.0,89
591,4144.0,339
592,4149.0,2808
593,4172.0,1035
594,4182.0,41
595,4189.0,2932
596,4200.0,3135
597,4205.0,58
598,4205.0,115
599,4210.0,16
600,4210.0,34224
601,4230.0,161
602,4240.0,2971
603,4240.0,1472
604,4248.0,14407
605,4253.0,77
606,4257.0,28
607,4259.0,208
608,4262.0,4915
609,4267.0,232
610,4269.0,171
611,4273.0,7091
612,4274.0,61
613,4278.0,291
614,4289.0,2858
615,4293.0,29
616,4297.0,1249
617,4299.0,350
618,4308.0,154
619,4327.0,5784
620,4358.0,198
621,4365.0,2945
622,4379.0,243
623,4381.0,618
624,4384.0,1166
625,4387.0,3136
626,4390.0,2912
627,4396.0,497
628,4408.0,64
629,4411.0,44
630,4423.0,68
631,4426.0,109
632,4428.0,1051
633,4456.0,4088
634,4485.0,329
635,4494.0,2503
636,4498.0,150
637,4499.0,550
638,4508.0,100
639,4527.0,2222
640,4530.0,1613
641,4531.0,992
642,4541.0,11
643,4541.0,1753
644,4546.0,82
645,4547.0,267
646,4562.0,226
647,4581.0,466
648,4581.0,260
649,4590.0,924
650,4608.0,12976
651,4641.0,341
652,4652.0,361
653,4660.0,65
654,4673.0,161
655,4693.0,861
656,4693.0,16
657,4697.0,527
658,4729.0,141
659,4733.0,420
660,4735.0,635
661,4751.0,16568
662,4757.0,254
663,4765.0,443
664,4768.0,349
665,4780.0,75
666,4786.0,258
667,4788.0,84
668,4800.0,303
669,4808.0,411
670,4810.0,633
671,4815.0,11
672,4818.0,82
673,4836.0,111
674,4837.0,521
675,4856.0,177
676,4869.0,1922
677,4870.0,332
678,4891.0,248
679,4895.0,83
680,4896.0,6
681,4896.0,208
682,4897.0,1497
683,4898.0,172
684,4911.0,1365
685,4912.0,734
686,4913.0,17
687,4946.0,1884
688,4949.0,378
689,4952.0,7122
690,4956.0,504
691,4960.0,17
692,4962.0,1871
693,4972.0,594
694,4979.0,17
695,4983.0,18775
696,4984.0,63
697,4986.0,4240
698,4986.0,3821
699,5004.0,136
700,5011.0,2971
701,5011.0,2210
702,5022.0,626
703,5034.0,3794
704,5043.0,5472
705,5043.0,42
706,5045.0,2592
707,5051.0,13
708,5051.0,46868
709,5059.0,217
710,5063.0,60
711,5067.0,4343
712,5069.0,84
713,5081.0,683
714,5092.0,4255
715,5101.0,1265
716,5106.0,222
717,5120.0,308
718,5141.0,1681
719,5147.0,443
720,5159.0,3072
721,5168.0,133
722,5208.0,11222
723,5215.0,590
724,5221.0,289
725,5227.0,213
726,5228.0,393
727,5239.0,344
728,5240.0,189
729,5251.0,923
730,5259.0,1243
731,5265.0,237
732,5267.0,641
733,5270.0,2854
734,5283.0,2010
735,5289.0,429
736,5312.0,1561
737,5318.0,48
738,5338.0,1141
739,5345.0,306
740,5346.0,56
741,5349.0,3649
742,5350.0,672
743,5353.0,250
744,5353.0,720
745,5362.0,26487
746,5368.0,87
747,5372.0,264
748,5373.0,4845
749,5381.0,113
750,5381.0,1779
751,5390.0,1936
752,5393.0,56
753,5404.0,40
754,5419.0,344
755,5423.0,397
756,5423.0,5600
757,5434.0,12
758,5445.0,3339
759,5449.0,1739
760,5470.0,583
761,5491.0,224
762,5494.0,451
763,5495.0,105
764,5512.0,336
765,5513.0,24
766,5517.0,17
767,5531.0,2014
768,5547.0,26
769,5548.0,586
770,5550.0,224
771,5558.0,1716
772,5558.0,2625
773,5572.0,19
774,5578.0,128
775,5582.0,231
776,5588.0,19
777,5589.0,337
778,5589.0,417
779,5593.0,79
780,5604.0,548
781,5608.0,154
782,5618.0,42
783,5620.0,356
784,5629.0,2643
785,5631.0,3871
786,5647.0,1062
787,5658.0,578
788,5659.0,29
789,5667.0,363
790,5674.0,588
791,5695.0,644
792,5702.0,6
793,5710.0,88
794,5712.0,986
795,5713.0,1209
796,5716.0,186
797,5723.0,70
798,5724.0,2582
799,5726.0,406
800,5728.0,381
801,5728.0,337
802,5728.0,783
803,5746.0,566
804,5748.0,10
805,5751.0,64
806,5756.0,508
807,5790.0,241
808,5791.0,1959
809,5799.0,757
810,5803.0,1258
811,5821.0,8
812,5823.0,208
813,5836.0,66
814,5836.0,4513
815,5837.0,678
816,5848.0,5791
817,5857.0,243
818,5869.0,1081
819,5876.0,177
820,5880.0,1104
821,5880.0,333
822,5888.0,18509
823,5893.0,24
824,5893.0,462
825,5897.0,1358
826,5916.0,277
827,5921.0,367
828,5923.0,151
829,5960.0,18
830,5963.0,293
831,5966.0,1188
832,6001.0,515
833,6017.0,489
834,6025.0,64
835,6032.0,3953
836,6034.0,4105
837,6039.0,925
838,6042.0,158
839,6049.0,2641
840,6060.0,1754
841,6067.0,670
842,6073.0,327
843,6073.0,408
844,6083.0,1447
845,6104.0,8626
846,6120.0,4346
847,6143.0,702
848,6150.0,1404
849,6151.0,5988
850,6161.0,1902
851,6161.0,286
852,6163.0,387
853,6173.0,459
854,6187.0,160
855,6188.0,236
856,6195.0,81
857,6199.0,6737
858,6202.0,613
859,6205.0,56
860,6212.0,1641
861,6248.0,1478
862,6249.0,143
863,6258.0,139
864,6258.0,1028
865,6259.0,4295
866,6263.0,241
867,6274.0,50
868,6283.0,1362
869,6317.0,45
870,6317.0,187
871,6323.0,13151
872,6338.0,80012
873,6355.0,369
874,6361.0,182024
875,6384.0,621
876,6387.0,792
877,6388.0,66
878,6391.0,2329
879,6397.0,626
880,6405.0,1028
881,6406.0,1721
882,6409.0,52
883,6434.0,1163
884,6437.0,4443
885,6446.0,573
886,6446.0,555
887,6460.0,1430
888,6463.0,3254
889,6476.0,68
890,6484.0,10403
891,6488.0,419
892,6520.0,3716
893,6522.0,409
894,6528.0,735
895,6539.0,409
896,6551.0,4171
897,6559.0,635
898,6568.0,771
899,6577.0,63
900,6578.0,141
901,6608.0,1235
902,6610.0,1272
903,6616.0,373
904,6619.0,579
905,6619.0,302
906,6638.0,1141
907,6640.0,1437
908,6641.0,441
909,6643.0,11
910,6667.0,378
911,6674.0,53
912,6693.0,276
913,6699.0,1510
914,6703.0,43
915,6716.0,678
916,6720.0,359
917,6726.0,362
918,6741.0,352
919,6748.0,732
920,6752.0,5670
921,6755.0,16
922,6755.0,274
923,6775.0,58
924,6795.0,191
925,6796.0,419
926,6798.0,2275
927,6829.0,2215
928,6833.0,1660
929,6847.0,6650
930,6848.0,259
931,6858.0,1610
932,6858.0,238
933,6869.0,549
934,6869.0,179
935,6869.0,86
936,6871.0,5488
937,6876.0,179
938,6881.0,653
939,6884.0,829
940,6900.0,2200
941,6922.0,447
942,6929.0,126
943,6940.0,108
944,6941.0,372
945,6945.0,4968
946,6947.0,131
947,6967.0,289
948,6973.0,236
949,6979.0,986
950,6988.0,166
951,6996.0,605
952,7024.0,106
953,7026.0,537
954,7037.0,3217
955,7042.0,290
956,7075.0,4336
957,7077.0,1726
958,7079.0,1505
959,7089.0,14723
960,7104.0,250
961,7105.0,3549
962,7111.0,34
963,7128.0,1315
964,7133.0,2791
965,7142.0,1117
966,7148.0,237
967,7157.0,47
968,7165.0,31
969,7170.0,1058
970,7172.0,3471
971,7201.0,691
972,7206.0,114
973,7209.0,47
974,7214.0,75
975,7229.0,22694
976,7236.0,92
977,7248.0,1171
978,7264.0,75
979,7268.0,29
980,7285.0,274
981,7285.0,670
982,7292.0,620
983,7316.0,188
984,7323.0,244
985,7360.0,2001
986,7383.0,1642
987,7391.0,4701
988,7392.0,1356
989,7423.0,473
990,7424.0,8737
991,7424.0,627
992,7426.0,756
993,7442.0,702
994,7442.0,834
995,7446.0,162
996,7449.0,562
997,7466.0,527
998,7468.0,4804
999,7473.0,838
1000,7496.0,52
1001,7508.0,9052
1002,7516.0,307
1003,7517.0,69
1004,7519.0,1963
1005,7528.0,986
1006,7531.0,1703
1007,7533.0,446
1008,7544.0,2624
1009,7597.0,2252
1010,7606.0,370
1011,7611.0,211
1012,7629.0,104
1013,7645.0,279
1014,7656.0,158
1015,7659.0,228
1016,7660.0,793
1017,7661.0,566
1018,7668.0,63
1019,7687.0,173
1020,7690.0,301
1021,7691.0,48
1022,7696.0,4947
1023,7707.0,18
1024,7725.0,2194
1025,7747.0,5371
1026,7760.0,4
1027,7787.0,6584
1028,7794.0,880
1029,7797.0,220
1030,7798.0,884
1031,7799.0,2067
1032,7821.0,2589
1033,7835.0,732
1034,7837.0,821
1035,7842.0,10972
1036,7843.0,141
1037,7843.0,443
1038,7849.0,677
1039,7852.0,4795
1040,7855.0,7582
1041,7860.0,196
1042,7877.0,3163
1043,7882.0,1322
1044,7882.0,2420
1045,7916.0,185
1046,7920.0,2973
1047,7938.0,4037
1048,7951.0,724
1049,7962.0,351
1050,8001.0,312
1051,8015.0,34
1052,8031.0,435
1053,8043.0,55
1054,8047.0,962
1055,8052.0,62
1056,8054.0,417
1057,8065.0,954
1058,8081.0,27
1059,8089.0,190
1060,8106.0,47
1061,8138.0,2526
1062,8139.0,27
1063,8140.0,331
1064,8161.0,338
1065,8170.0,3123
1066,8171.0,440
1067,8171.0,597
1068,8182.0,1519
1069,8185.0,1079
1070,8192.0,1313
1071,8200.0,163
1072,8242.0,1372
1073,8263.0,669
1074,8270.0,1012
1075,8276.0,169
1076,8293.0,13
1077,8309.0,245
1078,8318.0,94
1079,8320.0,39
1080,8330.0,887
1081,8332.0,94
1082,8348.0,1391
1083,8358.0,56
1084,8371.0,175
1085,8397.0,2837
1086,8417.0,381
1087,8429.0,43
1088,8429.0,107
1089,8444.0,716
1090,8471.0,2078
1091,8487.0,1218
1092,8500.0,889
1093,8507.0,4970
1094,8510.0,137
1095,8514.0,1357
1096,8515.0,52
1097,8568.0,4503
1098,8569.0,694
1099,8572.0,185
1100,8580.0,407
1101,8583.0,49
1102,8585.0,140060
1103,8592.0,2165
1104,8594.0,1545
1105,8597.0,378
1106,8602.0,219
1107,8623.0,559
1108,8626.0,282
1109,8652.0,174
1110,8654.0,1427
1111,8676.0,1095
1112,8679.0,1688
1113,8695.0,405
1114,8725.0,4879
1115,8748.0,234
1116,8749.0,742
1117,8751.0,383
1118,8769.0,35
1119,8773.0,63
1120,8790.0,220
1121,8791.0,111
1122,8798.0,153
1123,8799.0,37
1124,8805.0,220
1125,8818.0,339
1126,8818.0,7
1127,8833.0,2508
1128,8838.0,1446
1129,8839.0,2294
1130,8846.0,219
1131,8851.0,6744
1132,8855.0,1431
1133,8866.0,676
1134,8878.0,353
1135,8886.0,435
1136,8905.0,2357
1137,8911.0,995
1138,8915.0,661
1139,8915.0,527
1140,8952.0,2330
1141,8961.0,1094
1142,8965.0,156
1143,8986.0,286
1144,8996.0,10
1145,8997.0,12400
1146,9013.0,96
1147,9029.0,151
1148,9030.0,94
1149,9030.0,142
1150,9031.0,1727
1151,9043.0,160
1152,9058.0,11
1153,9059.0,392
1154,9066.0,1015
1155,9079.0,217
1156,9082.0,301
1157,9088.0,451
1158,9096.0,242
1159,9098.0,663
1160,9116.0,332
1161,9127.0,415
1162,9136.0,3055
1163,9150.0,802
1164,9155.0,304
1165,9158.0,101
1166,9159.0,1036
1167,9164.0,61
1168,9183.0,2520
1169,9196.0,125
1170,9198.0,169674
1171,9200.0,153
1172,9206.0,348
1173,9211.0,576
1174,9229.0,15
1175,9232.0,362
1176,9237.0,967
1177,9242.0,194
1178,9251.0,232
1179,9262.0,469
1180,9263.0,1514
1181,9266.0,439
1182,9273.0,768
1183,9274.0,51
1184,9275.0,118
1185,9297.0,414
1186,9301.0,90
1187,9308.0,1235
1188,9312.0,377
1189,9314.0,21
1190,9315.0,2574
1191,9324.0,1092
1192,9330.0,654
1193,9337.0,113
1194,9337.0,504
1195,9340.0,479
1196,9356.0,868
1197,9357.0,221
1198,9370.0,8694
1199,9390.0,16892
1200,9396.0,1
1201,9412.0,426
1202,9419.0,1380
1203,9433.0,1081
1204,9435.0,6536
1205,9435.0,1038
1206,9437.0,58
1207,9445.0,6
1208,9449.0,1151
1209,9459.0,71
1210,9462.0,321
1211,9467.0,111
1212,9471.0,567
1213,9477.0,752
1214,9477.0,776
1215,9477.0,752
1216,9478.0,192
1217,9504.0,233
1218,9512.0,279
1219,9516.0,265
1220,9518.0,586
1221,9522.0,394
1222,9522.0,1
1223,9525.0,1905
1224,9531.0,169
1225,9534.0,559
1226,9542.0,520
1227,9544.0,1663
1228,9551.0,7872
1229,9556.0,181
1230,9560.0,1364
1231,9580.0,64
1232,9599.0,227
1233,9600.0,3204
1234,9602.0,2045
1235,9607.0,608
1236,9613.0,1458
1237,9617.0,676
1238,9636.0,149
1239,9658.0,63
1240,9680.0,1054
1241,9688.0,104
1242,9694.0,781
1243,9707.0,282
1244,9721.0,349
1245,9739.0,404
1246,9743.0,2931
1247,9743.0,1953
1248,9744.0,7651
1249,9747.0,336
1250,9747.0,305
1251,9766.0,701
1252,9769.0,108
1253,9773.0,143
1254,9773.0,174
1255,9775.0,1266
1256,9826.0,2885
1257,9832.0,2825
1258,9840.0,1015
1259,9843.0,183
1260,9855.0,404
1261,9866.0,89
1262,9874.0,32
1263,9875.0,1248
1264,9877.0,314
1265,9877.0,24
1266,9897.0,126
1267,9911.0,94
1268,9916.0,42
1269,9916.0,247
1270,9917.0,88
1271,9934.0,363
1272,9947.0,777
1273,9953.0,108
1274,9960.0,158
1275,9961.0,354
1276,9962.0,1876
1277,9972.0,65
1278,9973.0,342
1279,9978.0,2889
1280,9993.0,117
1281,10031.0,621
1282,10031.0,4221
1283,10034.0,378
1284,10034.0,24
1285,10040.0,1181
1286,10049.0,1020
1287,10049.0,142
1288,10056.0,1157
1289,10089.0,400
1290,10095.0,351
1291,10119.0,60
1292,10152.0,1142
1293,10160.0,282
1294,10186.0,2
1295,10193.0,128
1296,10224.0,139
1297,10232.0,10689
1298,10235.0,1590
1299,10250.0,2177
1300,10255.0,499
1301,10299.0,50
1302,10323.0,228
1303,10331.0,1412
1304,10335.0,1608
1305,10335.0,108
1306,10336.0,1483
1307,10344.0,199
1308,10344.0,1434
1309,10360.0,11966
1310,10373.0,3151
1311,10374.0,1275
1312,10377.0,575
1313,10383.0,316
1314,10405.0,21
1315,10405.0,102
1316,10409.0,245
1317,10413.0,13
1318,10427.0,883
1319,10435.0,818
1320,10439.0,6696
1321,10450.0,28
1322,10492.0,3300
1323,10500.0,511
1324,10507.0,65
1325,10519.0,981
1326,10525.0,2879
1327,10534.0,210
1328,10537.0,1045
1329,10541.0,786
1330,10554.0,70
1331,10555.0,253
1332,10565.0,539
1333,10566.0,223
1334,10573.0,451
1335,10588.0,6
1336,10588.0,42
1337,10597.0,455
1338,10599.0,92
1339,10602.0,250
1340,10604.0,5242
1341,10612.0,1130
1342,10620.0,782
1343,10647.0,3791
1344,10647.0,1162
1345,10649.0,101
1346,10662.0,771
1347,10669.0,17
1348,10672.0,164
1349,10675.0,34
1350,10678.0,1300
1351,10688.0,1448
1352,10714.0,4799
1353,10715.0,1261
1354,10718.0,143
1355,10725.0,19
1356,10727.0,160
1357,10747.0,2920
1358,10761.0,3217
1359,10777.0,386
1360,10782.0,926
1361,10787.0,2164
1362,10794.0,3201
1363,10819.0,128
1364,10842.0,4326
1365,10844.0,168
1366,10849.0,4219
1367,10850.0,1182
1368,10870.0,196
1369,10871.0,10789
1370,10878.0,1283
1371,10920.0,43
1372,10941.0,155
1373,10947.0,1746
1374,10965.0,822
1375,10997.0,374
1376,11015.0,1048
1377,11016.0,21
1378,11020.0,482
1379,11026.0,8186
1380,11032.0,28
1381,11053.0,119
1382,11056.0,2343
1383,11082.0,37
1384,11090.0,2993
1385,11091.0,3682
1386,11117.0,1229
1387,11121.0,168
1388,11133.0,1412
1389,11133.0,667
1390,11138.0,4015
1391,11139.0,583
1392,11158.0,495
1393,11188.0,587
1394,11189.0,1234
1395,11219.0,485
1396,11226.0,137
1397,11232.0,316
1398,11247.0,95
1399,11254.0,266
1400,11273.0,129
1401,11296.0,4054
1402,11302.0,7
1403,11344.0,2704
1404,11373.0,227
1405,11385.0,3306
1406,11386.0,2312
1407,11407.0,38
1408,11418.0,29195
1409,11430.0,304
1410,11433.0,2216
1411,11448.0,232
1412,11483.0,1539
1413,11483.0,2540
1414,11524.0,206
1415,11539.0,1925
1416,11545.0,42
1417,11551.0,1662
1418,11557.0,151
1419,11575.0,443
1420,11582.0,60
1421,11617.0,41
1422,11624.0,1514
1423,11630.0,174
1424,11632.0,48
1425,11637.0,125
1426,11676.0,21
1427,11683.0,212
1428,11693.0,153
1429,11698.0,1276
1430,11702.0,105
1431,11710.0,8770
1432,11719.0,3320
1433,11745.0,6263
1434,11784.0,61
1435,11788.0,626
1436,11826.0,228
1437,11834.0,1084
1438,11851.0,93
1439,11861.0,1350
1440,11866.0,3293
1441,11896.0,105
1442,11927.0,153
1443,11961.0,11912
1444,12003.0,103
1445,12011.0,473
1446,12048.0,89
1447,12056.0,527
1448,12070.0,1401
1449,12073.0,1059
1450,12104.0,121
1451,12120.0,42
1452,12130.0,72
1453,12153.0,21
1454,12154.0,487
1455,12156.0,407
1456,12162.0,395
1457,12186.0,161
1458,12219.0,183
1459,12224.0,1362
1460,12242.0,11602
1461,12245.0,211
1462,12271.0,599
1463,12275.0,185
1464,12289.0,1015
1465,12318.0,82
1466,12352.0,345
1467,12388.0,297
1468,12406.0,2562
1469,12421.0,17
1470,12434.0,1540
1471,12446.0,1197
1472,12458.0,66
1473,12460.0,1504
1474,12470.0,14
1475,12478.0,121
1476,12478.0,1379
1477,12483.0,19
1478,12485.0,73
1479,12492.0,625
1480,12498.0,28
1481,12514.0,1511
1482,12518.0,350
1483,12554.0,2573
1484,12555.0,184
1485,12595.0,224
1486,12615.0,170
1487,12617.0,1585
1488,12619.0,629
1489,12630.0,216
1490,12638.0,50
1491,12641.0,2076
1492,12647.0,364
1493,12667.0,81
1494,12692.0,275
1495,12710.0,1255
1496,12718.0,2014
1497,12723.0,152
1498,12737.0,205
1499,12748.0,217
1500,12751.0,690
1501,12753.0,46
1502,12765.0,16
1503,12784.0,530
1504,12791.0,7455
1505,12802.0,33
1506,12805.0,2134
1507,12813.0,71
1508,12818.0,321
1509,12821.0,4676
1510,12833.0,14
1511,12841.0,1090
1512,12841.0,348
1513,12887.0,7590
1514,12892.0,47
1515,12900.0,1287
1516,12960.0,63
1517,12984.0,3312
1518,12988.0,5
1519,12989.0,172
1520,12998.0,40
1521,12998.0,399
1522,13059.0,139
1523,13080.0,2622
1524,13133.0,141
1525,13133.0,2916
1526,13166.0,6107
1527,13182.0,498
1528,13294.0,492
1529,13298.0,490
1530,13305.0,28
1531,13306.0,295
1532,13368.0,37
1533,13380.0,473
1534,13432.0,202
1535,13440.0,171
1536,13441.0,959
1537,13457.0,4115
1538,13481.0,114
1539,13484.0,63
1540,13488.0,54
1541,13490.0,4081
1542,13491.0,1407
1543,13524.0,339
1544,13549.0,50
1545,13552.0,2397
1546,13555.0,1971
1547,13585.0,4528
1548,13599.0,23
1549,13604.0,13008
1550,13609.0,426
1551,13609.0,1411
1552,13614.0,22
1553,13625.0,161
1554,13628.0,1205
1555,13635.0,864
1556,13644.0,386
1557,13661.0,870
1558,13668.0,83
1559,13679.0,320
1560,13686.0,325
1561,13686.0,833
1562,13690.0,23
1563,13692.0,25
1564,13707.0,48
1565,13709.0,532
1566,13715.0,15
1567,13718.0,1648
1568,13721.0,308
1569,13723.0,9962
1570,13738.0,13266
1571,13754.0,3255
1572,13766.0,451
1573,13782.0,931
1574,13791.0,4389
1575,13802.0,924
1576,13806.0,120
1577,13812.0,133
1578,13815.0,486
1579,13832.0,65
1580,13833.0,104
1581,13842.0,100
1582,13847.0,277
1583,13848.0,338
1584,13849.0,374
1585,13875.0,272
1586,13878.0,235
1587,13883.0,358
1588,13884.0,1193
1589,13888.0,131
1590,13896.0,571
1591,13920.0,3099
1592,13960.0,117
1593,13960.0,551
1594,13992.0,3091
1595,14002.0,28
1596,14027.0,375
1597,14030.0,448
1598,14041.0,5464
1599,14044.0,1222
1600,14050.0,143
1601,14072.0,1228
1602,14110.0,1346
1603,14114.0,39
1604,14129.0,360
1605,14145.0,750
1606,14146.0,77
1607,14147.0,486
1608,14161.0,88
1609,14164.0,384
1610,14183.0,769
1611,14207.0,831
1612,14235.0,2356
1613,14267.0,2552
1614,14297.0,267
1615,14314.0,55
1616,14323.0,995
1617,14345.0,21
1618,14426.0,639
1619,14438.0,818
1620,14453.0,2277
1621,14456.0,1457
1622,14463.0,52
1623,14479.0,2321
1624,14481.0,193
1625,14492.0,160
1626,14500.0,1633
1627,14510.0,319
1628,14524.0,757
1629,14524.0,66
1630,14536.0,490
1631,14553.0,334
1632,14560.0,1734
1633,14580.0,881
1634,14581.0,119
1635,14590.0,440
1636,14620.0,985
1637,14626.0,55
1638,14628.0,180
1639,14635.0,117
1640,14641.0,1174
1641,14653.0,518
1642,14657.0,1107
1643,14670.0,285
1644,14675.0,133
1645,14684.0,1034
1646,14695.0,20
1647,14704.0,1068
1648,14721.0,180
1649,14722.0,622
1650,14733.0,125
1651,14738.0,67
1652,14746.0,138
1653,14753.0,28
1654,14768.0,68
1655,14770.0,49
1656,14772.0,350
1657,14796.0,552
1658,14801.0,1917
1659,14828.0,158
1660,14833.0,499
1661,14867.0,7618
1662,14904.0,124
1663,14908.0,1092
1664,14909.0,1146
1665,14955.0,2008
1666,14960.0,51
1667,14971.0,42
1668,14990.0,4
1669,14991.0,168
1670,14996.0,201
1671,14998.0,136
1672,15020.0,150
1673,15026.0,8735
1674,15039.0,327
1675,15040.0,1827
1676,15042.0,41
1677,15047.0,1437
1678,15055.0,25
1679,15070.0,220
1680,15116.0,193
1681,15116.0,161
1682,15117.0,3414
1683,15130.0,104
1684,15155.0,139
1685,15168.0,762
1686,15177.0,226
1687,15191.0,1755
1688,15209.0,101
1689,15226.0,6427
1690,15260.0,67
1691,15275.0,5014
1692,15285.0,165
1693,15285.0,939
1694,15293.0,17647
1695,15294.0,8092
1696,15316.0,2641
1697,15338.0,4562
1698,15380.0,12814
1699,15397.0,2638
1700,15401.0,811
1701,15416.0,413
1702,15431.0,4827
1703,15434.0,358
1704,15444.0,21
1705,15477.0,449
1706,15482.0,226
1707,15531.0,53
1708,15559.0,321
1709,15561.0,617
1710,15562.0,311
1711,15588.0,2201
1712,15606.0,14487
1713,15607.0,359
1714,15618.0,234
1715,15619.0,837
1716,15635.0,115
1717,15647.0,170
1718,15660.0,197
1719,15663.0,3061
1720,15663.0,1745
1721,15722.0,1260
1722,15732.0,405
1723,15735.0,594
1724,15750.0,16001
1725,15770.0,284
1726,15795.0,44
1727,15805.0,29764
1728,15808.0,3734
1729,15812.0,24804
1730,15842.0,923
1731,15856.0,293
1732,15864.0,680
1733,15890.0,740
1734,15902.0,37
1735,15919.0,568
1736,15926.0,1074
1737,15933.0,74
1738,15941.0,185
1739,15943.0,132
1740,15946.0,654
1741,15959.0,2254
1742,15981.0,3178
1743,15984.0,168
1744,15987.0,640
1745,15988.0,199
1746,15996.0,24
1747,16002.0,7077
1748,16003.0,25
1749,16003.0,923
1750,16013.0,1112
1751,16014.0,890
1752,16025.0,5123
1753,16027.0,2462
1754,16029.0,119
1755,16045.0,94
1756,16056.0,225
1757,16057.0,731
1758,16058.0,5522
1759,16075.0,6581
1760,16083.0,794
1761,16085.0,2137
1762,16086.0,916
1763,16144.0,18
1764,16154.0,753
1765,16169.0,4840
1766,16183.0,1808
1767,16190.0,60
1768,16202.0,33
1769,16203.0,143
1770,16214.0,494
1771,16248.0,601
1772,16258.0,822
1773,16289.0,1399
1774,16306.0,20859
1775,16329.0,67
1776,16335.0,7
1777,16338.0,4183
1778,16340.0,218
1779,16347.0,75
1780,16359.0,8392
1781,16403.0,3662
1782,16403.0,2061
1783,16430.0,943
1784,16437.0,1217
1785,16450.0,7889
1786,16456.0,1357
1787,16483.0,334
1788,16497.0,2231
1789,16520.0,748
1790,16539.0,8
1791,16543.0,89
1792,16574.0,1011
1793,16589.0,92
1794,16605.0,1149
1795,16606.0,2425
1796,16610.0,54048
1797,16630.0,37
1798,16644.0,180
1799,16654.0,196
1800,16654.0,281
1801,16663.0,1553
1802,16684.0,564
1803,16708.0,837
1804,16736.0,24
1805,16737.0,1021
1806,16746.0,775
1807,16749.0,457
1808,16755.0,484
1809,16778.0,562
1810,16789.0,20788
1811,16791.0,207
1812,16840.0,3705
1813,16845.0,238
1814,16847.0,283
1815,16849.0,39955
1816,16870.0,1615
1817,16874.0,1000
1818,16885.0,6870
1819,16885.0,20
1820,16893.0,302
1821,16932.0,121
1822,16938.0,349
1823,16949.0,1050
1824,16950.0,728
1825,16974.0,3815
1826,16975.0,42
1827,16975.0,182
1828,16976.0,414
1829,17036.0,429
1830,17043.0,32
1831,17064.0,2199
1832,17065.0,370
1833,17075.0,101
1834,17084.0,124
1835,17108.0,53
1836,17123.0,2955
1837,17129.0,207
1838,17141.0,348
1839,17192.0,231
1840,17201.0,239
1841,17203.0,3918
1842,17203.0,228
1843,17226.0,274
1844,17231.0,1264
1845,17238.0,44
1846,17256.0,2089
1847,17257.0,3525
1848,17271.0,178
1849,17274.0,280
1850,17276.0,22
1851,17304.0,73
1852,17305.0,1927
1853,17316.0,440
1854,17406.0,25
1855,17409.0,444
1856,17416.0,7614
1857,17427.0,463
1858,17432.0,176
1859,17467.0,2834
1860,17473.0,637
1861,17475.0,1339
1862,17503.0,3249
1863,17509.0,1961
1864,17513.0,340
1865,17523.0,112
1866,17534.0,396
1867,17545.0,1859
1868,17552.0,1512
1869,17594.0,346
1870,17633.0,1085
1871,17635.0,64
1872,17653.0,220
1873,17668.0,1501
1874,17681.0,347
1875,17706.0,139
1876,17707.0,188
1877,17734.0,1843
1878,17774.0,76
1879,17786.0,1143
1880,17811.0,285
1881,17814.0,781
1882,17815.0,244
1883,17816.0,41
1884,17819.0,157
1885,17831.0,151
1886,17843.0,1382
1887,17874.0,1101
1888,17887.0,1847
1889,17898.0,311
1890,17907.0,393
1891,17913.0,7373
1892,17914.0,965
1893,17917.0,40
1894,17930.0,4104
1895,17933.0,270
1896,17950.0,2744
1897,17966.0,177
1898,17971.0,208
1899,17991.0,1863
1900,18032.0,68
1901,18034.0,59
1902,18073.0,820
1903,18106.0,686
1904,18108.0,873
1905,18125.0,452
1906,18130.0,177
1907,18131.0,116
1908,18145.0,756
1909,18166.0,203
1910,18168.0,100
1911,18191.0,110
1912,18196.0,3092
1913,18212.0,1185
1914,18249.0,1991
1915,18259.0,103
1916,18301.0,3499
1917,18308.0,114
1918,18320.0,5
1919,18322.0,365
1920,18332.0,1121
1921,18362.0,571
1922,18382.0,2207
1923,18411.0,264
1924,18413.0,2840
1925,18421.0,109
1926,18447.0,863
1927,18461.0,102
1928,18464.0,13
1929,18469.0,138
1930,18491.0,172
1931,18497.0,2001
1932,18497.0,90
1933,18529.0,319
1934,18531.0,10
1935,18537.0,59
1936,18575.0,30236
1937,18593.0,908
1938,18603.0,642
1939,18610.0,124
1940,18633.0,5079
1941,18654.0,515
1942,18659.0,213
1943,18682.0,41
1944,18688.0,342
1945,18698.0,1185
1946,18708.0,4841
1947,18709.0,101
1948,18716.0,1377
1949,18718.0,795
1950,18729.0,950
1951,18760.0,3632
1952,18788.0,1036
1953,18789.0,53
1954,18796.0,45
1955,18797.0,181
1956,18803.0,42
1957,18809.0,5241
1958,18817.0,1097
1959,18830.0,356
1960,18836.0,3863
1961,18867.0,287
1962,18898.0,2600
1963,18919.0,1106
1964,18938.0,679
1965,18948.0,108
1966,18961.0,401
1967,18988.0,43
1968,19039.0,3141
1969,19075.0,817
1970,19082.0,432
1971,19090.0,3636
1972,19093.0,3745
1973,19110.0,551
1974,19131.0,229
1975,19136.0,6233
1976,19158.0,1719
1977,19163.0,44
1978,19166.0,2847
1979,19184.0,262
1980,19190.0,1216
1981,19206.0,2710
1982,19210.0,30
1983,19212.0,760
1984,19221.0,406
1985,19302.0,418
1986,19330.0,26870
1987,19350.0,40
1988,19354.0,2863
1989,19360.0,126
1990,19374.0,25
1991,19379.0,168
1992,19382.0,2426
1993,19383.0,525
1994,19386.0,611
1995,19436.0,58
1996,19441.0,595
1997,19493.0,3054
1998,19507.0,3084
1999,19528.0,93
2000,19542.0,874
2001,19545.0,60
2002,19663.0,614
2003,19664.0,163
2004,19681.0,231
2005,19716.0,26
2006,19737.0,631
2007,19808.0,8912
2008,19827.0,140041
2009,19827.0,9879
2010,19846.0,356
2011,19868.0,1780
2012,19871.0,55
2013,19881.0,447
2014,19883.0,9643
2015,19887.0,1149
2016,19893.0,1949
2017,19895.0,54
2018,19907.0,651
2019,19913.0,244
2020,19917.0,333
2021,19920.0,608
2022,19941.0,678
2023,19951.0,257
2024,19974.0,120
2025,19978.0,292
2026,19993.0,390
2027,19997.0,2094
2028,20022.0,2470
2029,20037.0,336
2030,20045.0,263
2031,20063.0,1679
2032,20080.0,4
2033,20088.0,81
2034,20105.0,108
2035,20114.0,1072
2036,20121.0,1507
2037,20124.0,1659
2038,20139.0,78
2039,20142.0,111
2040,20166.0,489
2041,20173.0,918
2042,20177.0,237
2043,20239.0,2149
2044,20244.0,1740
2045,20251.0,5327
2046,20276.0,61
2047,20299.0,484
2048,20307.0,159
2049,20312.0,210
2050,20324.0,76
2051,20331.0,99
2052,20367.0,208
2053,20369.0,437
2054,20384.0,737
2055,20389.0,222
2056,20391.0,685
2057,20400.0,43
2058,20403.0,246
2059,20406.0,147
2060,20409.0,53
2061,20411.0,31
2062,20442.0,333
2063,20478.0,66
2064,20503.0,212
2065,20516.0,13
2066,20523.0,259
2067,20546.0,853
2068,20551.0,1630
2069,20554.0,1022
2070,20565.0,403
2071,20585.0,565
2072,20588.0,49
2073,20616.0,1440
2074,20620.0,437
2075,20638.0,347
2076,20639.0,663
2077,20672.0,565
2078,20674.0,839
2079,20710.0,350
2080,20715.0,121
2081,20716.0,23
2082,20738.0,1986
2083,20775.0,416
2084,20785.0,15
2085,20854.0,105
2086,20910.0,58
2087,20949.0,130
2088,20955.0,293
2089,20998.0,25
2090,21019.0,55
2091,21041.0,200
2092,21051.0,134
2093,21088.0,906
2094,21112.0,124
2095,21131.0,529
2096,21146.0,1308
2097,21165.0,43
2098,21174.0,20
2099,21175.0,3349
2100,21194.0,3558
2101,21227.0,358
2102,21283.0,1011
2103,21288.0,5838
2104,21300.0,160
2105,21413.0,3230
2106,21489.0,1008
2107,21508.0,80
2108,21515.0,155
2109,21524.0,96
2110,21558.0,275
2111,21567.0,190
2112,21583.0,242
2113,21612.0,25
2114,21632.0,1598
2115,21650.0,2621
2116,21709.0,5563
2117,21712.0,466
2118,21734.0,624
2119,21738.0,274
2120,21753.0,9267
2121,21777.0,158
2122,21824.0,3462
2123,21858.0,623
2124,21899.0,4606
2125,21914.0,2813
2126,21915.0,9303
2127,21916.0,138
2128,21929.0,42
2129,21935.0,36
2130,21943.0,37
2131,21980.0,53
2132,21981.0,2042
2133,21986.0,50
2134,21991.0,1091
2135,22010.0,904
2136,22010.0,310
2137,22033.0,51
2138,22125.0,3663
2139,22163.0,935
2140,22195.0,108
2141,22232.0,4949
2142,22247.0,441
2143,22292.0,494
2144,22331.0,9
2145,22347.0,64
2146,22374.0,6974
2147,22378.0,234
2148,22398.0,1185
2149,22471.0,16
2150,22490.0,118
2151,22496.0,197
2152,22496.0,25
2153,22545.0,502
2154,22569.0,193
2155,22578.0,11377
2156,22582.0,768
2157,22636.0,41
2158,22682.0,52
2159,22685.0,38
2160,22702.0,504
2161,22720.0,78
2162,22721.0,3385
2163,22745.0,31
2164,22749.0,156
2165,22752.0,2652
2166,22763.0,119
2167,22765.0,889
2168,22773.0,39
2169,22775.0,183
2170,22789.0,3441
2171,22810.0,240
2172,22827.0,55
2173,22839.0,2537
2174,22858.0,171
2175,22865.0,297
2176,22872.0,411
2177,22901.0,369
2178,22918.0,641
2179,22981.0,16
2180,22992.0,217
2181,23019.0,1024
2182,23058.0,376
2183,23064.0,15
2184,23073.0,1426
2185,23086.0,77
2186,23092.0,705
2187,23093.0,262
2188,23099.0,217
2189,23126.0,359
2190,23141.0,237
2191,23160.0,428
2192,23174.0,30
2193,23182.0,145
2194,23276.0,8
2195,23279.0,43
2196,23280.0,137
2197,23293.0,59
2198,23297.0,1727
2199,23299.0,144
2200,23323.0,359
2201,23328.0,359
2202,23358.0,60
2203,23363.0,187
2204,23386.0,237
2205,23403.0,157
2206,23414.0,1804
2207,23446.0,247
2208,23462.0,1128
2209,23480.0,45
2210,23497.0,182
2211,23502.0,1565
2212,23521.0,3492
2213,23545.0,5891
2214,23586.0,79
2215,23598.0,1858
2216,23609.0,175
2217,23645.0,437
2218,23659.0,430
2219,23681.0,143
2220,23723.0,387
2221,23750.0,1062
2222,23752.0,188
2223,23770.0,5844
2224,23780.0,69
2225,23802.0,3911
2226,23825.0,2524
2227,23844.0,55
2228,23891.0,2543
2229,23894.0,8074
2230,23894.0,168
2231,23896.0,270
2232,23953.0,2077
2233,23954.0,3708
2234,23968.0,3767
2235,23997.0,111
2236,24016.0,50
2237,24042.0,17
2238,24073.0,190
2239,24108.0,973
2240,24203.0,63
2241,24208.0,343
2242,24215.0,92
2243,24263.0,382
2244,24277.0,2588
2245,24305.0,465
2246,24324.0,18
2247,24341.0,690
2248,24365.0,90
2249,24424.0,101
2250,24441.0,787
2251,24453.0,266
2252,24467.0,64
2253,24470.0,46
2254,24481.0,471
2255,24517.0,495
2256,24525.0,151
2257,24540.0,49
2258,24632.0,5796
2259,24633.0,46
2260,24659.0,246
2261,24666.0,4062
2262,24677.0,686
2263,24730.0,41
2264,24777.0,346
2265,24787.0,822
2266,24829.0,3091
2267,24855.0,472
2268,24896.0,76
2269,24908.0,171
2270,24911.0,189
2271,24977.0,631
2272,25076.0,45
2273,25089.0,339
2274,25127.0,533
2275,25133.0,334
2276,25151.0,179
2277,25162.0,1290
2278,25164.0,197
2279,25184.0,237
2280,25221.0,4218
2281,25308.0,40
2282,25314.0,25
2283,25322.0,259
2284,25348.0,246
2285,25418.0,124
2286,25557.0,190
2287,25567.0,87
2288,25578.0,13
2289,25622.0,19
2290,25653.0,26
2291,25673.0,595
2292,25696.0,39
2293,25751.0,775
2294,25784.0,34
2295,25807.0,2643
2296,25827.0,378
2297,25860.0,245
2298,25881.0,216
2299,25957.0,197
2300,25997.0,696
2301,26017.0,127
2302,26084.0,335
2303,26112.0,214
2304,26182.0,99
2305,26255.0,927
2306,26271.0,8621
2307,26450.0,258
2308,26451.0,3637
2309,26557.0,120
2310,26606.0,2981
2311,26657.0,411
2312,26702.0,55
2313,26705.0,317
2314,26705.0,22
2315,26709.0,147
2316,26728.0,52
2317,26739.0,165
2318,26741.0,9524
2319,26783.0,1070
2320,26839.0,1
2321,26962.0,751
2322,26965.0,8590
2323,26986.0,662
2324,27017.0,216
2325,27024.0,821
2326,27048.0,44
2327,27054.0,284
2328,27133.0,35
2329,27187.0,378
2330,27207.0,129
2331,27240.0,324
2332,27244.0,452
2333,27268.0,334
2334,27311.0,62
2335,27331.0,282
2336,27347.0,1431
2337,27360.0,650
2338,27362.0,384
2339,27372.0,236
2340,27397.0,201
2341,27421.0,72
2342,27422.0,1112
2343,27557.0,239
2344,27603.0,2246
2345,27616.0,82
2346,27691.0,567
2347,27709.0,1033
2348,27752.0,61952
2349,27762.0,156
2350,27833.0,4171
2351,27897.0,141
2352,27963.0,16
2353,27983.0,313
2354,28061.0,11518
2355,28093.0,5213
2356,28094.0,914
2357,28112.0,2111
2358,28136.0,158
2359,28169.0,1311
2360,28188.0,381
2361,28189.0,1019
2362,28214.0,1661
2363,28226.0,587
2364,28272.0,1680
2365,28288.0,72
2366,28323.0,11448
2367,28343.0,232
2368,28344.0,428
2369,28470.0,2767
2370,28484.0,518
2371,28673.0,2492
2372,28684.0,637
2373,28716.0,157
2374,28721.0,614
2375,28727.0,2101
2376,28757.0,471
2377,28766.0,85
2378,28766.0,4121
2379,28795.0,163
2380,28806.0,7772
2381,28818.0,3054
2382,28915.0,45606
2383,28949.0,337
2384,28980.0,57
2385,29026.0,252
2386,29064.0,256
2387,29130.0,239
2388,29152.0,2798
2389,29159.0,400
2390,29176.0,1563
2391,29203.0,670
2392,29210.0,118
2393,29219.0,295
2394,29222.0,307
2395,29233.0,1737
2396,29262.0,204
2397,29296.0,168
2398,29331.0,41
2399,29336.0,49
2400,29366.0,117
2401,29378.0,34
2402,29410.0,4508
2403,29423.0,151
2404,29483.0,134
2405,29493.0,1132
2406,29509.0,314
2407,29516.0,575
2408,29526.0,86
2409,29564.0,2180
2410,29575.0,47
2411,29611.0,313
2412,29688.0,351
2413,29748.0,213
2414,29764.0,123
2415,29766.0,216
2416,29795.0,2340
2417,29795.0,4100
2418,29836.0,911
2419,29948.0,18
2420,29953.0,620
2421,29977.0,257
2422,29999.0,22
2423,30094.0,51
2424,30124.0,192
2425,30206.0,4072
2426,30227.0,437
2427,30242.0,9554
2428,30260.0,86
2429,30267.0,277
2430,30292.0,262
2431,30368.0,526
2432,30452.0,47
2433,30452.0,1408
2434,30517.0,1522
2435,30520.0,228
2436,30523.0,741
2437,30535.0,39
2438,30603.0,1248
2439,30645.0,554
2440,30698.0,203
2441,30706.0,42
2442,30707.0,1812
2443,30740.0,487
2444,30851.0,561
2445,30857.0,58
2446,30877.0,491
2447,30928.0,1824
2448,30989.0,155
2449,31038.0,2703
2450,31060.0,1314
2451,31073.0,149
2452,31080.0,125
2453,31107.0,186
2454,31114.0,7942
2455,31169.0,39
2456,31175.0,20
2457,31178.0,815
2458,31213.0,1161
2459,31286.0,27
2460,31300.0,194
2461,31400.0,183
2462,31456.0,416
2463,31498.0,70
2464,31499.0,1991
2465,31551.0,1353
2466,31580.0,1358
2467,31625.0,1703
2468,31637.0,164
2469,31643.0,8880
2470,31704.0,1164
2471,31790.0,11
2472,31796.0,51
2473,31925.0,352
2474,31991.0,358
2475,32011.0,2634
2476,32044.0,64
2477,32058.0,10155
2478,32063.0,1394
2479,32083.0,1363
2480,32119.0,320
2481,32120.0,332
2482,32151.0,163
2483,32216.0,186
2484,32264.0,86
2485,32355.0,8
2486,32413.0,32
2487,32450.0,11
2488,32533.0,7089
2489,32537.0,71
2490,32559.0,12
2491,32616.0,179
2492,32637.0,519
2493,32682.0,156
2494,32741.0,856
2495,32746.0,39
2496,32776.0,609
2497,32802.0,2082
2498,32839.0,1258
2499,32846.0,49
2500,32859.0,120
2501,32947.0,7954
2502,32963.0,1374
2503,32980.0,1912
2504,33010.0,156
2505,33070.0,21866
2506,33080.0,8385
2507,33084.0,1460
2508,33178.0,278
2509,33216.0,102
2510,33219.0,1201
2511,33243.0,22
2512,33244.0,279
2513,33348.0,47
2514,33393.0,76
2515,33405.0,10057
2516,33482.0,3743
2517,33518.0,223
2518,33520.0,1693
2519,33565.0,514
2520,33606.0,825
2521,33664.0,789
2522,33699.0,158
2523,33827.0,100
2524,33873.0,1921
2525,33925.0,552
2526,34127.0,2485
2527,34142.0,671
2528,34236.0,2750
2529,34243.0,6702
2530,34295.0,2733
2531,34302.0,78
2532,34304.0,49
2533,34435.0,5
2534,34520.0,106
2535,34562.0,87
2536,34566.0,86
2537,34575.0,156
2538,34611.0,53
2539,34662.0,5
2540,34796.0,2653
2541,34821.0,1290
2542,34878.0,1461
2543,34984.0,792
2544,34996.0,670
2545,35037.0,435
2546,35079.0,270
2547,35150.0,1890
2548,35308.0,527
2549,35311.0,975
2550,35348.0,1209
2551,35374.0,1259
2552,35505.0,5816
2553,35505.0,50
2554,35538.0,282
2555,35599.0,607
2556,35617.0,668
2557,35751.0,567
2558,35768.0,200
2559,35783.0,79
2560,35786.0,763
2561,36004.0,516
2562,36239.0,462
2563,36282.0,2295
2564,36418.0,471
2565,36571.0,129
2566,36624.0,364
2567,36628.0,48
2568,36635.0,520
2569,36651.0,149
2570,36717.0,329
2571,36824.0,732
2572,37012.0,5470
2573,37265.0,528
2574,37277.0,511
2575,37574.0,461
2576,37582.0,691
2577,37588.0,97
2578,37723.0,25
2579,37734.0,599
2580,37818.0,15907
2581,38018.0,66
2582,38100.0,9
2583,38108.0,6238
2584,38154.0,35
2585,38164.0,423
2586,38171.0,39
2587,38188.0,3274
2588,38193.0,258
2589,38280.0,1531
2590,38595.0,143
2591,38609.0,61
2592,39126.0,2743
2593,39609.0,753
2594,39757.0,548
2595,39803.0,144
2596,39884.0,485
2597,39916.0,960
2598,39975.0,238
2599,40012.0,11036
2600,40069.0,137
2601,40207.0,480
2602,40256.0,637
2603,40260.0,94
2604,40415.0,3095
2605,40490.0,2756
2606,40520.0,293
2607,40539.0,65
2608,40626.0,1836
2609,40630.0,389
2610,40655.0,356
2611,40678.0,498
2612,40715.0,298
2613,40822.0,1682
2614,40934.0,6
2615,40970.0,264
2616,41100.0,374520
2617,41103.0,1031
2618,41107.0,3650
2619,41132.0,436
2620,41138.0,161
2621,41152.0,380
2622,41181.0,494
2623,41185.0,144
2624,41185.0,2563
2625,41194.0,270
2626,41201.0,8282
2627,41207.0,571
2628,41237.0,6048
2629,41252.0,254
2630,41274.0,367
2631,41302.0,1532
2632,41306.0,100
2633,41331.0,259
2634,41338.0,235
2635,41363.0,537
2636,41366.0,105
2637,41367.0,16
2638,41397.0,93
2639,41413.0,24
2640,41417.0,278
2641,41477.0,247
2642,41529.0,276
2643,41531.0,381
2644,41554.0,877
2645,41563.0,86
2646,41564.0,513
2647,41565.0,222
2648,41577.0,228
2649,41602.0,120
2650,41617.0,159
2651,41619.0,330
2652,41676.0,25
2653,41680.0,61
2654,41733.0,217
2655,41748.0,49
2656,41791.0,304
2657,41808.0,87
2658,41888.0,13
2659,41910.0,850
2660,41920.0,1404
2661,41925.0,290
2662,41962.0,165
2663,42021.0,434
2664,42026.0,194
2665,42029.0,1267
2666,42093.0,665
2667,42105.0,4858
2668,42113.0,1812
2669,42176.0,864
2670,42366.0,38
2671,42387.0,641
2672,42541.0,191
2673,42545.0,10
2674,42645.0,83
2675,42650.0,411
2676,42661.0,112
2677,42709.0,224
2678,42823.0,1135
2679,42908.0,83
2680,42920.0,2339
2681,43037.0,22
2682,43057.0,562
2683,43067.0,600
2684,43069.0,30194
2685,43080.0,150
2686,43091.0,3403
2687,43106.0,4789
2688,43157.0,753
2689,43199.0,1891
2690,43201.0,440
2691,43291.0,2102
2692,43418.0,1688
2693,43420.0,58
2694,43499.0,2048
2695,43612.0,144
2696,43745.0,288
2697,43790.0,532
2698,43869.0,210
2699,43895.0,37
2700,43900.0,86
2701,44002.0,609
2702,44228.0,54
2703,44267.0,201
2704,44384.0,562
2705,44504.0,429
2706,44703.0,233
2707,44744.0,2008
2708,44757.0,235
2709,44811.0,920
2710,44823.0,740
2711,44959.0,927
2712,44998.0,680
2713,45045.0,15
2714,45144.0,1190
2715,45335.0,130
2716,45380.0,141
2717,45560.0,680
2718,45691.0,509
2719,45975.0,371
2720,46084.0,162
2721,46163.0,99
2722,46197.0,3490
2723,46242.0,47
2724,46329.0,58
2725,46367.0,654
2726,46425.0,123
2727,46449.0,176
2728,46870.0,4005
2729,46908.0,253
2730,47051.0,46483
2731,47173.0,3510
2732,47454.0,5124
2733,47623.0,1565
2734,47745.0,578
2735,48218.0,3043
2736,48295.0,65
2737,48706.0,958
2738,48847.0,307
2739,48939.0,12
2740,48994.0,236
2741,49304.0,1882
2742,49322.0,342
2743,49452.0,594
2744,49887.0,149
2745,50735.0,95
2746,50868.0,160
2747,50888.0,829
2748,51093.0,183
2749,51160.0,1902
2750,51255.0,576
2751,51276.0,1689
2752,51307.0,17
2753,51610.0,44
2754,51750.0,943
2755,51752.0,392
2756,52032.0,199
2757,52232.0,243
2758,52270.0,2542
2759,52484.0,413
2760,52489.0,18
2761,52594.0,1655
2762,52612.0,78
2763,52650.0,409
2764,52707.0,3780
2765,52858.0,299
2766,52875.0,376
2767,53019.0,103
2768,53127.0,46
2769,53166.0,608
2770,53193.0,1586
2771,53322.0,642
2772,53334.0,12508
2773,53398.0,1533
2774,53407.0,75
2775,53570.0,1147
2776,53617.0,12
2777,53670.0,4404
2778,53700.0,1652
2779,53878.0,388
2780,53893.0,182
2781,53915.0,259
2782,53917.0,6026
2783,53949.0,2166
2784,53952.0,189
2785,54019.0,196
2786,54034.0,81
2787,54223.0,859
2788,54353.0,51
2789,54360.0,54
2790,54366.0,183
2791,54382.0,731
2792,54426.0,398
2793,54458.0,75
2794,54462.0,36
2795,54637.0,1781
2796,54667.0,86
2797,54675.0,65
2798,54748.0,154
2799,54848.0,1028
2800,54889.0,2996
2801,54928.0,56
2802,54955.0,1530
2803,54959.0,768
2804,54998.0,1159
2805,55326.0,362
2806,55383.0,727
2807,55404.0,72
2808,55735.0,10894
2809,55885.0,9428
2810,55925.0,163
2811,56073.0,343
2812,56077.0,6
2813,56109.0,47
2814,56187.0,3113
2815,56278.0,2966
2816,56302.0,84
2817,56303.0,41
2818,56340.0,33
2819,56443.0,200
2820,56638.0,4152
2821,56674.0,7930
2822,56759.0,63
2823,56854.0,2037
2824,56999.0,46
2825,57138.0,2760
2826,57183.0,2572
2827,57250.0,99
2828,57439.0,2258
2829,57507.0,134
2830,57553.0,986
2831,57653.0,58
2832,57709.0,863
2833,58046.0,186
2834,58153.0,13685
2835,58290.0,210
2836,58394.0,100
2837,58469.0,55
2838,58475.0,478
2839,58487.0,10
2840,58527.0,245
2841,58746.0,151
2842,58785.0,320
2843,58873.0,329
2844,58950.0,63
2845,59049.0,130
2846,59112.0,37
2847,59128.0,2707
2848,59250.0,1652
2849,59320.0,42955
2850,59356.0,61
2851,59398.0,42
2852,59449.0,726
2853,59559.0,8
2854,59571.0,360
2855,59644.0,144
2856,59710.0,276
2857,59781.0,3889
2858,59902.0,178
2859,59992.0,3140
2860,60008.0,1525
2861,60018.0,81
2862,60050.0,84
2863,60084.0,4
2864,60145.0,529
2865,60159.0,393
2866,60233.0,91
2867,60324.0,21
2868,60422.0,421
2869,60430.0,874
2870,60456.0,2549
2871,60557.0,3575
2872,60581.0,13
2873,60747.0,223
2874,60832.0,22
2875,60835.0,98
2876,60875.0,249
2877,60950.0,64
2878,61125.0,81
2879,61256.0,474
2880,61260.0,513
2881,61275.0,49
2882,61298.0,1919
2883,61307.0,38
2884,61315.0,118
2885,61352.0,50
2886,61404.0,57
2887,61435.0,200
2888,61503.0,2443
2889,61580.0,612
2890,61585.0,913
2891,61607.0,31
2892,61792.0,91
2893,61829.0,201
2894,61843.0,3814
2895,61941.0,556
2896,62014.0,28346
2897,62103.0,80
2898,62154.0,1422
2899,62210.0,94
2900,62213.0,485
2901,62220.0,3762
2902,62282.0,87
2903,62300.0,5434
2904,62347.0,98
2905,62388.0,95
2906,62430.0,265
2907,62533.0,1739
2908,62661.0,99
2909,62696.0,31
2910,63332.0,3964
2911,63435.0,52
2912,63592.0,16
2913,63986.0,761
2914,63989.0,786
2915,64068.0,37
2916,64106.0,81
2917,64113.0,23212
2918,64116.0,149
2919,64158.0,1706
2920,64200.0,791
2921,64284.0,34
2922,64330.0,672
2923,64331.0,1728
2924,64390.0,27
2925,64407.0,85
2926,64433.0,45
2927,64433.0,428
2928,64581.0,306
2929,64605.0,337
2930,64681.0,743
2931,64685.0,102
2932,64687.0,4180
2933,64731.0,33
2934,64838.0,113
2935,64854.0,2094
2936,64878.0,49
2937,64899.0,710
2938,64979.0,125
2939,65023.0,3141
2940,65035.0,110
2941,65077.0,212
2942,65198.0,4678
2943,65287.0,278
2944,65439.0,3582
2945,65446.0,37
2946,65474.0,47
2947,65518.0,6521
2948,65582.0,14
2949,65793.0,54
2950,65937.0,1314
2951,65999.0,206
2952,66122.0,386
2953,66380.0,60
2954,66430.0,20
2955,66755.0,391
2956,66757.0,19
2957,66760.0,1030
2958,66771.0,113
2959,66773.0,103
2960,66945.0,21730
2961,67032.0,140
2962,67211.0,186
2963,67277.0,2520
2964,67408.0,1727
2965,67428.0,82
2966,67472.0,820
2967,67566.0,403
2968,67770.0,211
2969,67859.0,50
2970,67871.0,1419
2971,67907.0,4121
2972,67943.0,58
2973,68352.0,4443
2974,68531.0,117
2975,68572.0,171
2976,68638.0,255
2977,68665.0,77
2978,68709.0,85
2979,68870.0,442
2980,68888.0,28
2981,68971.0,1773
2982,69048.0,153
2983,69114.0,276
2984,69317.0,125
2985,69358.0,7
2986,69423.0,137
2987,69559.0,343
2988,69568.0,12
2989,69612.0,84
2990,69739.0,613
2991,69754.0,87
2992,69922.0,320
2993,69962.0,4020
2994,69965.0,241
2995,70014.0,113
2996,70016.0,140
2997,70153.0,184
2998,70326.0,874
2999,70341.0,2542
3000,70394.0,253
3001,70448.0,3042
3002,70479.0,217
3003,70507.0,390
3004,70568.0,794
3005,70604.0,50
3006,70713.0,230
3007,70942.0,15
3008,70983.0,262
3009,71043.0,75
3010,71175.0,820
3011,71290.0,90
3012,71390.0,4623
3013,71440.0,1298
3014,71595.0,31
3015,71605.0,85
3016,71612.0,39
3017,71650.0,181
3018,71838.0,183
3019,72026.0,1293
3020,72278.0,109
3021,72334.0,11
3022,72435.0,296
3023,72473.0,23
3024,72474.0,120
3025,72661.0,458
3026,72685.0,3266
3027,72783.0,60
3028,72813.0,501
3029,72818.0,90
3030,73159.0,174
3031,73223.0,121
3032,73308.0,152
3033,73447.0,3
3034,73571.0,108
3035,73796.0,1824
3036,73885.0,72
3037,74061.0,756
3038,74077.0,807
3039,74096.0,130
3040,74228.0,92
3041,74249.0,1292
3042,74359.0,177
3043,74420.0,309
3044,74451.0,61
3045,74454.0,1752
3046,74536.0,2962
3047,74716.0,3007
3048,74858.0,195
3049,75267.0,3440
3050,75325.0,28
3051,75475.0,1971
3052,75525.0,256
3053,75580.0,277
3054,75758.0,150
3055,75786.0,879
3056,75829.0,980
3057,75873.0,165
3058,75886.0,400
3059,75954.0,223
3060,76000.0,40
3061,76027.0,424
3062,76287.0,55
3063,76300.0,903
3064,76345.0,379
3065,76495.0,2620
3066,76572.0,1163
3067,76587.0,2791
3068,76684.0,34
3069,76729.0,241
3070,76989.0,222
3071,77069.0,74
3072,77165.0,2729
3073,77403.0,1384
3074,77486.0,657
3075,77533.0,235
3076,77620.0,142
3077,77646.0,212
3078,77721.0,1215
3079,77883.0,2123
3080,77909.0,38
3081,77966.0,439
3082,78006.0,351
3083,78036.0,3920
3084,78169.0,47
3085,78191.0,1277
3086,78195.0,80
3087,78373.0,118
3088,78603.0,32
3089,78606.0,93
3090,78654.0,875
3091,78746.0,161
3092,78918.0,358
3093,79223.0,53
3094,79509.0,41
3095,79682.0,6949
3096,79755.0,31
3097,79954.0,51
3098,80048.0,5591
3099,80324.0,32
3100,80347.0,123
3101,80358.0,6601
3102,80497.0,544
3103,80517.0,2139
3104,80925.0,56
3105,81213.0,340
3106,81226.0,922
3107,81499.0,85
3108,81765.0,455
3109,81781.0,2
3110,82063.0,145
3111,82192.0,69
3112,82252.0,2696
3113,82476.0,274
3114,82720.0,58
3115,82769.0,9
3116,82773.0,825
3117,82878.0,1
3118,82952.0,736
3119,83000.0,131
3120,83056.0,14
3121,83111.0,227
3122,83127.0,18
3123,83258.0,61
3124,83644.0,68
3125,83679.0,322
3126,84175.0,87
3127,84328.0,450
3128,84723.0,2065
3129,84785.0,1460
3130,85050.0,1439
3131,85068.0,83
3132,85126.0,217
3133,85991.0,214
3134,86260.0,902
3135,86413.0,2601
3136,86596.0,60
3137,86670.0,659
3138,87072.0,1081
3139,87137.0,134
3140,87219.0,4265
3141,87237.0,4651
3142,87276.0,18
3143,87389.0,423
3144,87493.0,3877
3145,87520.0,568
3146,87589.0,393
3147,88410.0,39
3148,88829.0,23
3149,88834.0,154
3150,89276.0,8080
3151,89820.0,315
3152,89930.0,253
3153,90398.0,12
3154,90458.0,219
3155,90519.0,1742
3156,90887.0,839
3157,91151.0,21
3158,91211.0,19
3159,91566.0,368
3160,91573.0,2518
3161,91682.0,44
3162,92579.0,330
3163,92654.0,3087
3164,92851.0,80
3165,92955.0,908
3166,93123.0,748
3167,93137.0,155
3168,93429.0,271
3169,93525.0,31
3170,93576.0,130
3171,94383.0,8627
3172,94406.0,15645
3173,94571.0,359
3174,94579.0,15
3175,94657.0,198
3176,95068.0,45
3177,95118.0,10
3178,95128.0,3002
3179,95248.0,462
3180,95298.0,459
3181,95505.0,39
3182,95525.0,356
3183,95881.0,193
3184,96234.0,402
3185,96504.0,58
3186,96566.0,21
3187,96899.0,395
3188,97326.0,1107
3189,97658.0,311
3190,97679.0,249
3191,97689.0,87
3192,97770.0,564
3193,98076.0,791
3194,98094.0,9
3195,98512.0,137
3196,98600.0,24
3197,98634.0,457
3198,98886.0,18
3199,99732.0,1235
3200,99796.0,248
3201,100121.0,168
3202,100364.0,158
3203,100566.0,1542
3204,100734.0,508
3205,100903.0,603
3206,101061.0,206
3207,101219.0,794
3208,102066.0,656
3209,102204.0,5431
3210,102231.0,251
3211,102562.0,37
3212,102608.0,51
3213,102637.0,728
3214,102775.0,903
3215,102823.0,2244
3216,102871.0,170
3217,103181.0,4325
3218,103623.0,1273
3219,103764.0,2335
3220,105948.0,1411
3221,106000.0,629
3222,106440.0,50
3223,106625.0,75
3224,106799.0,12370
3225,106894.0,1465
3226,107150.0,720
3227,107659.0,289
3228,107696.0,38
3229,108315.0,201
3230,108652.0,260
3231,109251.0,56
3232,109993.0,937
3233,110884.0,578
3234,110939.0,22
3235,112028.0,1965
3236,112400.0,6062
3237,112963.0,411
3238,113092.0,489
3239,113443.0,23975
3240,113724.0,45
3241,115247.0,223
3242,115441.0,588
3243,118566.0,24
3244,118571.0,526
3245,119758.0,472
3246,120032.0,11
3247,120945.0,216
3248,124790.0,2935
3249,126774.0,371
3250,127326.0,244
3251,127709.0,878
3252,128312.0,234
3253,129695.0,553
3254,129791.0,165
3255,133045.0,201
3256,134535.0,2
3257,135048.0,3198
3258,137224.0,3687
3259,137239.0,2498
3260,138333.0,404
3261,138736.0,100
3262,142392.0,1272
3263,142626.0,187
3264,143630.0,208
3265,144143.0,22
3266,144997.0,157
3267,145937.0,47
3268,146847.0,2924
3269,147229.0,818
3270,151464.0,80
3271,155831.0,104
3272,158395.0,1103
3273,164010.0,2118
3274,166132.0,1363
3275,176882.0,109
3276,178242.0,43
3277,183937.0,258
3278,189785.0,103
3279,189786.0,66
3280,196702.0,166
3281,204873.0,2
3282,205176.0,515
3283,208239.0,97
3284,211223.0,30302
3285,211747.0,6022
3286,211898.0,5826
3287,212420.0,1193
3288,216998.0,602
3289,231868.0,437
3290,250651.0,1875
3291,253388.0,53
3292,281403.0,32
3293,282405.0,1580
3294,288458.0,748
3295,289010.0,68
3296,290793.0,1178
3297,294191.0,616
3298,360002.0,30
3299,362399.0,112
3300,383124.0,48
3301,410865.0,959
3302,423738.0,5951
3303,425222.0,221
3304,433016.0,11464
3305,460234.0,148
3306,481595.0,1060
3307,502444.0,1141
3308,502999.0,256
3309,539637.0,59
3310,562783.0,138
3311,625435.0,1341
3312,636555.0,34571
3313,636904.0,698
3314,637615.0,1341
3315,676583.0,561
3316,685048.0,320
